4388701	2024/2/2
4395094	2024/2/2
4395918	2024/2/2
4396460	2024/2/2
4396603	2024/2/2
4396734	2024/2/2
4396804	2024/2/2
4396810	2024/2/2
4396945	2024/2/2
4396970	2024/2/2
4397002	2024/2/2
4397058	2024/2/2
4397102	2024/2/2
4397136	2024/2/2
4397152	2024/2/2
4397189	2024/2/2
4397217	2024/2/2
4397221	2024/2/2
4397288	2024/2/2
4397291	2024/2/2
4397297	2024/2/2
4397321	2024/2/2
4397332	2024/2/2
4397341	2024/2/2
4397344	2024/2/2
4397377	2024/2/2
4397471	2024/2/2
4397490	2024/2/2
4397550	2024/2/2
4397552	2024/2/2
4397568	2024/2/2
4397587	2024/2/2
4397591	2024/2/2
4397594	2024/2/2
4397623	2024/2/2
4397643	2024/2/2
4394615	2024/2/1
4394683	2024/2/1
4394993	2024/2/1
4395084	2024/2/1
4395286	2024/2/1
4395496	2024/2/1
4395624	2024/2/1
4395771	2024/2/1
4395968	2024/2/1
4395996	2024/2/1
4396082	2024/2/1
4396301	2024/2/1
4396364	2024/2/1
4396456	2024/2/1
4396594	2024/2/1
4396626	2024/2/1
4396676	2024/2/1
4396708	2024/2/1
4396726	2024/2/1
4396732	2024/2/1
4396765	2024/2/1
4396788	2024/2/1
4396801	2024/2/1
4396812	2024/2/1
4396826	2024/2/1
4396834	2024/2/1
4396847	2024/2/1
4396854	2024/2/1
4396892	2024/2/1
4396930	2024/2/1
4396940	2024/2/1
4396948	2024/2/1
4396963	2024/2/1
4396972	2024/2/1
4396974	2024/2/1
4396979	2024/2/1
4396982	2024/2/1
4396986	2024/2/1
4397045	2024/2/1
4397050	2024/2/1
4397086	2024/2/1
4397090	2024/2/1
4397150	2024/2/1
4397243	2024/2/1
4397246	2024/2/1
4397294	2024/2/1
4394676	2024/1/31
4394988	2024/1/31
4395033	2024/1/31
4395283	2024/1/31
4395528	2024/1/31
4395533	2024/1/31
4395848	2024/1/31
4395947	2024/1/31
4395949	2024/1/31
4395951	2024/1/31
4396019	2024/1/31
4396024	2024/1/31
4396037	2024/1/31
4396040	2024/1/31
4396043	2024/1/31
4396047	2024/1/31
4396049	2024/1/31
4396078	2024/1/31
4396104	2024/1/31
4396116	2024/1/31
4396130	2024/1/31
4396162	2024/1/31
4396274	2024/1/31
4396318	2024/1/31
4396322	2024/1/31
4396335	2024/1/31
4396345	2024/1/31
4396347	2024/1/31
4396409	2024/1/31
4396445	2024/1/31
4396466	2024/1/31
4396517	2024/1/31
4396536	2024/1/31
4396542	2024/1/31
4396586	2024/1/31
4396658	2024/1/31
4396745	2024/1/31
4391525	2024/1/30
4393813	2024/1/30
4394672	2024/1/30
4394757	2024/1/30
4394977	2024/1/30
4394980	2024/1/30
4394985	2024/1/30
4394996	2024/1/30
4395038	2024/1/30
4395078	2024/1/30
4395103	2024/1/30
4395279	2024/1/30
4395346	2024/1/30
4395356	2024/1/30
4395360	2024/1/30
4395374	2024/1/30
4395382	2024/1/30
4395395	2024/1/30
4395432	2024/1/30
4395568	2024/1/30
4395621	2024/1/30
4395638	2024/1/30
4395669	2024/1/30
4395680	2024/1/30
4395708	2024/1/30
4395779	2024/1/30
4395782	2024/1/30
4395784	2024/1/30
4395794	2024/1/30
4395823	2024/1/30
4395828	2024/1/30
4395836	2024/1/30
4395844	2024/1/30
4395850	2024/1/30
4395856	2024/1/30
4395867	2024/1/30
4395873	2024/1/30
4395877	2024/1/30
4395880	2024/1/30
4395883	2024/1/30
4395894	2024/1/30
4395959	2024/1/30
4396004	2024/1/30
4396055	2024/1/30
4396058	2024/1/30
4392086	2024/1/29
4394335	2024/1/29
4394662	2024/1/29
4394721	2024/1/29
4394913	2024/1/29
4394983	2024/1/29
4395009	2024/1/29
4395073	2024/1/29
4395076	2024/1/29
4395119	2024/1/29
4395125	2024/1/29
4395276	2024/1/29
4395301	2024/1/29
4395316	2024/1/29
4395338	2024/1/29
4395363	2024/1/29
4395387	2024/1/29
4395391	2024/1/29
4395393	2024/1/29
4395427	2024/1/29
4395452	2024/1/29
4395519	2024/1/29
4395537	2024/1/29
4395564	2024/1/29
4395731	2024/1/29
4392413	2024/1/26
4393376	2024/1/26
4393416	2024/1/26
4393453	2024/1/26
4393668	2024/1/26
4393925	2024/1/26
4394042	2024/1/26
4394145	2024/1/26
4394171	2024/1/26
4394174	2024/1/26
4394189	2024/1/26
4394304	2024/1/26
4394317	2024/1/26
4394328	2024/1/26
4394330	2024/1/26
4394333	2024/1/26
4394382	2024/1/26
4394413	2024/1/26
4394429	2024/1/26
4394431	2024/1/26
4394438	2024/1/26
4394448	2024/1/26
4394459	2024/1/26
4394468	2024/1/26
4394516	2024/1/26
4394553	2024/1/26
4394560	2024/1/26
4394647	2024/1/26
4394681	2024/1/26
4394762	2024/1/26
4394773	2024/1/26
4394790	2024/1/26
4395001	2024/1/26
4392041	2024/1/25
4392073	2024/1/25
4392418	2024/1/25
4392625	2024/1/25
4392826	2024/1/25
4392923	2024/1/25
4393214	2024/1/25
4393400	2024/1/25
4393679	2024/1/25
4393740	2024/1/25
4393788	2024/1/25
4393818	2024/1/25
4393841	2024/1/25
4393873	2024/1/25
4393883	2024/1/25
4393886	2024/1/25
4393891	2024/1/25
4393906	2024/1/25
4393953	2024/1/25
4393960	2024/1/25
4393976	2024/1/25
4393981	2024/1/25
4393990	2024/1/25
4394005	2024/1/25
4394019	2024/1/25
4394026	2024/1/25
4394032	2024/1/25
4394039	2024/1/25
4394057	2024/1/25
4394109	2024/1/25
4394112	2024/1/25
4394148	2024/1/25
4394150	2024/1/25
4394165	2024/1/25
4394178	2024/1/25
4394183	2024/1/25
4394187	2024/1/25
4394193	2024/1/25
4394251	2024/1/25
4394260	2024/1/25
4394264	2024/1/25
4394315	2024/1/25
4394375	2024/1/25
4391347	2024/1/24
4392032	2024/1/24
4392389	2024/1/24
4392408	2024/1/24
4392603	2024/1/24
4392620	2024/1/24
4392830	2024/1/24
4392944	2024/1/24
4393034	2024/1/24
4393200	2024/1/24
4393267	2024/1/24
4393317	2024/1/24
4393325	2024/1/24
4393330	2024/1/24
4393374	2024/1/24
4393424	2024/1/24
4393426	2024/1/24
4393442	2024/1/24
4393445	2024/1/24
4393449	2024/1/24
4393461	2024/1/24
4393464	2024/1/24
4393494	2024/1/24
4393533	2024/1/24
4393544	2024/1/24
4393549	2024/1/24
4393553	2024/1/24
4393557	2024/1/24
4393566	2024/1/24
4393571	2024/1/24
4393576	2024/1/24
4393582	2024/1/24
4393585	2024/1/24
4393633	2024/1/24
4393677	2024/1/24
4393731	2024/1/24
4393733	2024/1/24
4393736	2024/1/24
4393772	2024/1/24
4393776	2024/1/24
4393784	2024/1/24
4393820	2024/1/24
4393868	2024/1/24
4393908	2024/1/24
4391107	2024/1/23
4391517	2024/1/23
4391566	2024/1/23
4392019	2024/1/23
4392030	2024/1/23
4392181	2024/1/23
4392218	2024/1/23
4392221	2024/1/23
4392239	2024/1/23
4392283	2024/1/23
4392396	2024/1/23
4392410	2024/1/23
4392437	2024/1/23
4392559	2024/1/23
4392614	2024/1/23
4392714	2024/1/23
4392716	2024/1/23
4392732	2024/1/23
4392760	2024/1/23
4392823	2024/1/23
4392941	2024/1/23
4392957	2024/1/23
4392997	2024/1/23
4393002	2024/1/23
4393093	2024/1/23
4393105	2024/1/23
4393118	2024/1/23
4393121	2024/1/23
4393146	2024/1/23
4393175	2024/1/23
4393201	2024/1/23
4393217	2024/1/23
4393222	2024/1/23
4393247	2024/1/23
4393284	2024/1/23
4393315	2024/1/23
4393357	2024/1/23
4393383	2024/1/23
4393403	2024/1/23
4393421	2024/1/23
4393517	2024/1/23
4391304	2024/1/22
4391332	2024/1/22
4391552	2024/1/22
4391921	2024/1/22
4391968	2024/1/22
4392010	2024/1/22
4392026	2024/1/22
4392063	2024/1/22
4392152	2024/1/22
4392209	2024/1/22
4392231	2024/1/22
4392306	2024/1/22
4392313	2024/1/22
4392380	2024/1/22
4392391	2024/1/22
4392403	2024/1/22
4392406	2024/1/22
4392424	2024/1/22
4392433	2024/1/22
4392662	2024/1/22
4392664	2024/1/22
4392691	2024/1/22
4392740	2024/1/22
4392802	2024/1/22
4392812	2024/1/22
4392214	2024/1/21
4389666	2024/1/19
4390027	2024/1/19
4390582	2024/1/19
4390873	2024/1/19
4390986	2024/1/19
4391045	2024/1/19
4391095	2024/1/19
4391240	2024/1/19
4391311	2024/1/19
4391356	2024/1/19
4391520	2024/1/19
4391631	2024/1/19
4391675	2024/1/19
4391728	2024/1/19
4391742	2024/1/19
4391777	2024/1/19
4391810	2024/1/19
4391818	2024/1/19
4391862	2024/1/19
4391883	2024/1/19
4391892	2024/1/19
4391896	2024/1/19
4391905	2024/1/19
4391946	2024/1/19
4391950	2024/1/19
4391994	2024/1/19
4392014	2024/1/19
4392035	2024/1/19
4392057	2024/1/19
4392060	2024/1/19
4392093	2024/1/19
4392108	2024/1/19
4392142	2024/1/19
4392241	2024/1/19
4389958	2024/1/18
4390454	2024/1/18
4390787	2024/1/18
4390812	2024/1/18
4390851	2024/1/18
4390900	2024/1/18
4390910	2024/1/18
4391114	2024/1/18
4391194	2024/1/18
4391200	2024/1/18
4391223	2024/1/18
4391230	2024/1/18
4391244	2024/1/18
4391256	2024/1/18
4391276	2024/1/18
4391295	2024/1/18
4391354	2024/1/18
4391376	2024/1/18
4391378	2024/1/18
4391380	2024/1/18
4391382	2024/1/18
4391395	2024/1/18
4391451	2024/1/18
4391460	2024/1/18
4391464	2024/1/18
4391471	2024/1/18
4391473	2024/1/18
4391491	2024/1/18
4391502	2024/1/18
4391508	2024/1/18
4391514	2024/1/18
4391543	2024/1/18
4391603	2024/1/18
4391638	2024/1/18
4391641	2024/1/18
4391726	2024/1/18
4391799	2024/1/18
4391808	2024/1/18
4391822	2024/1/18
4391916	2024/1/18
4388929	2024/1/17
4389524	2024/1/17
4389655	2024/1/17
4389940	2024/1/17
4390013	2024/1/17
4390213	2024/1/17
4390243	2024/1/17
4390270	2024/1/17
4390335	2024/1/17
4390537	2024/1/17
4390573	2024/1/17
4390580	2024/1/17
4390631	2024/1/17
4390729	2024/1/17
4390751	2024/1/17
4390794	2024/1/17
4390864	2024/1/17
4390883	2024/1/17
4390912	2024/1/17
4390920	2024/1/17
4390924	2024/1/17
4390933	2024/1/17
4390940	2024/1/17
4390943	2024/1/17
4390951	2024/1/17
4390960	2024/1/17
4391026	2024/1/17
4391030	2024/1/17
4391033	2024/1/17
4391035	2024/1/17
4391051	2024/1/17
4391060	2024/1/17
4391062	2024/1/17
4391064	2024/1/17
4391069	2024/1/17
4391102	2024/1/17
4391119	2024/1/17
4391139	2024/1/17
4391161	2024/1/17
4391225	2024/1/17
4391227	2024/1/17
4391267	2024/1/17
4391270	2024/1/17
4390647	2024/1/17
4388927	2024/1/16
4389034	2024/1/16
4389065	2024/1/16
4389089	2024/1/16
4389211	2024/1/16
4389430	2024/1/16
4389549	2024/1/16
4389606	2024/1/16
4389657	2024/1/16
4389859	2024/1/16
4390108	2024/1/16
4390138	2024/1/16
4390144	2024/1/16
4390159	2024/1/16
4390205	2024/1/16
4390209	2024/1/16
4390218	2024/1/16
4390233	2024/1/16
4390237	2024/1/16
4390263	2024/1/16
4390313	2024/1/16
4390372	2024/1/16
4390406	2024/1/16
4390411	2024/1/16
4390488	2024/1/16
4390492	2024/1/16
4390510	2024/1/16
4390514	2024/1/16
4390540	2024/1/16
4390543	2024/1/16
4390546	2024/1/16
4390577	2024/1/16
4390645	2024/1/16
4390726	2024/1/16
4389144	2024/1/16
4390245	2024/1/16
4390551	2024/1/16
4390731	2024/1/16
4388869	2024/1/15
4389357	2024/1/15
4389422	2024/1/15
4389473	2024/1/15
4389513	2024/1/15
4389526	2024/1/15
4389532	2024/1/15
4389541	2024/1/15
4389544	2024/1/15
4389586	2024/1/15
4389598	2024/1/15
4389639	2024/1/15
4389648	2024/1/15
4389660	2024/1/15
4389672	2024/1/15
4389703	2024/1/15
4389889	2024/1/15
4389898	2024/1/15
4389903	2024/1/15
4389931	2024/1/15
4389946	2024/1/15
4389952	2024/1/15
4389955	2024/1/15
4389982	2024/1/15
4389984	2024/1/15
4389994	2024/1/15
4389996	2024/1/15
4390006	2024/1/15
4390016	2024/1/15
4390046	2024/1/15
4390113	2024/1/15
4390228	2024/1/15
4390318	2024/1/15
4389534	2024/1/15
4389631	2024/1/14
4383983	2024/1/12
4385699	2024/1/12
4386794	2024/1/12
4386999	2024/1/12
4387485	2024/1/12
4388047	2024/1/12
4388060	2024/1/12
4388145	2024/1/12
4388341	2024/1/12
4388343	2024/1/12
4388496	2024/1/12
4388517	2024/1/12
4388605	2024/1/12
4388815	2024/1/12
4388822	2024/1/12
4388880	2024/1/12
4388972	2024/1/12
4388996	2024/1/12
4388998	2024/1/12
4389021	2024/1/12
4389039	2024/1/12
4389074	2024/1/12
4389140	2024/1/12
4389148	2024/1/12
4389159	2024/1/12
4389177	2024/1/12
4389224	2024/1/12
4389226	2024/1/12
4389232	2024/1/12
4389305	2024/1/12
4389309	2024/1/12
4389315	2024/1/12
4389318	2024/1/12
4389338	2024/1/12
4389351	2024/1/12
4389359	2024/1/12
4389363	2024/1/12
4389377	2024/1/12
4389492	2024/1/12
4387311	2024/1/12
4386930	2024/1/11
4387272	2024/1/11
4387306	2024/1/11
4387984	2024/1/11
4388154	2024/1/11
4388160	2024/1/11
4388176	2024/1/11
4388242	2024/1/11
4388305	2024/1/11
4388313	2024/1/11
4388321	2024/1/11
4388413	2024/1/11
4388420	2024/1/11
4388434	2024/1/11
4388479	2024/1/11
4388507	2024/1/11
4388510	2024/1/11
4388535	2024/1/11
4388566	2024/1/11
4388683	2024/1/11
4388703	2024/1/11
4388705	2024/1/11
4388712	2024/1/11
4388715	2024/1/11
4388720	2024/1/11
4388725	2024/1/11
4388731	2024/1/11
4388741	2024/1/11
4388786	2024/1/11
4388789	2024/1/11
4388800	2024/1/11
4388863	2024/1/11
4388878	2024/1/11
4388887	2024/1/11
4388974	2024/1/11
4388977	2024/1/11
4389014	2024/1/11
4389025	2024/1/11
4389052	2024/1/11
4389256	2024/1/11
4388202	2024/1/11
4388298	2024/1/11
4388514	2024/1/11
4384257	2024/1/10
4386363	2024/1/10
4386764	2024/1/10
4386799	2024/1/10
4386881	2024/1/10
4386928	2024/1/10
4386985	2024/1/10
4387007	2024/1/10
4387011	2024/1/10
4387313	2024/1/10
4387660	2024/1/10
4387664	2024/1/10
4387956	2024/1/10
4388021	2024/1/10
4388032	2024/1/10
4388040	2024/1/10
4388051	2024/1/10
4388057	2024/1/10
4388063	2024/1/10
4388068	2024/1/10
4388073	2024/1/10
4388089	2024/1/10
4388105	2024/1/10
4388126	2024/1/10
4388129	2024/1/10
4388132	2024/1/10
4388141	2024/1/10
4388206	2024/1/10
4388210	2024/1/10
4388235	2024/1/10
4388261	2024/1/10
4388263	2024/1/10
4388281	2024/1/10
4388285	2024/1/10
4388303	2024/1/10
4388423	2024/1/10
4388429	2024/1/10
4388446	2024/1/10
4388477	2024/1/10
4388579	2024/1/10
4388589	2024/1/10
4383325	2024/1/10
4387302	2024/1/10
4386361	2024/1/9
4386568	2024/1/9
4386770	2024/1/9
4386925	2024/1/9
4386990	2024/1/9
4387015	2024/1/9
4387047	2024/1/9
4387106	2024/1/9
4387108	2024/1/9
4387229	2024/1/9
4387240	2024/1/9
4387269	2024/1/9
4387286	2024/1/9
4387294	2024/1/9
4387343	2024/1/9
4387429	2024/1/9
4387472	2024/1/9
4387500	2024/1/9
4387510	2024/1/9
4387521	2024/1/9
4387525	2024/1/9
4387536	2024/1/9
4387545	2024/1/9
4387581	2024/1/9
4387584	2024/1/9
4387586	2024/1/9
4387612	2024/1/9
4387616	2024/1/9
4387620	2024/1/9
4387622	2024/1/9
4387625	2024/1/9
4387765	2024/1/9
4387789	2024/1/9
4387791	2024/1/9
4387832	2024/1/9
4387897	2024/1/9
4387944	2024/1/9
4387953	2024/1/9
4387973	2024/1/9
4387979	2024/1/9
4387991	2024/1/9
4384771	2024/1/9
4385011	2024/1/9
4387362	2024/1/9
4385923	2024/1/8
4386558	2024/1/8
4386720	2024/1/8
4386864	2024/1/8
4386915	2024/1/8
4386932	2024/1/8
4386947	2024/1/8
4386971	2024/1/8
4386992	2024/1/8
4387005	2024/1/8
4387009	2024/1/8
4387104	2024/1/8
4387284	2024/1/8
4387290	2024/1/8
4387292	2024/1/8
4387318	2024/1/8
4387328	2024/1/8
4387347	2024/1/8
4387349	2024/1/8
4387394	2024/1/8
4387398	2024/1/8
4387424	2024/1/8
4387433	2024/1/8
4387447	2024/1/8
4386894	2024/1/7
4385048	2024/1/5
4385099	2024/1/5
4385190	2024/1/5
4385617	2024/1/5
4385665	2024/1/5
4385859	2024/1/5
4386027	2024/1/5
4386084	2024/1/5
4386143	2024/1/5
4386157	2024/1/5
4386160	2024/1/5
4386345	2024/1/5
4386351	2024/1/5
4386494	2024/1/5
4386508	2024/1/5
4386523	2024/1/5
4386529	2024/1/5
4386565	2024/1/5
4386571	2024/1/5
4386597	2024/1/5
4386627	2024/1/5
4386636	2024/1/5
4386650	2024/1/5
4386670	2024/1/5
4386693	2024/1/5
4386706	2024/1/5
4386710	2024/1/5
4386730	2024/1/5
4386734	2024/1/5
4386796	2024/1/5
4386842	2024/1/5
4386854	2024/1/5
4386874	2024/1/5
4384874	2024/1/4
4385094	2024/1/4
4385175	2024/1/4
4385182	2024/1/4
4385257	2024/1/4
4385406	2024/1/4
4385410	2024/1/4
4385504	2024/1/4
4385599	2024/1/4
4385626	2024/1/4
4385718	2024/1/4
4385745	2024/1/4
4385757	2024/1/4
4385873	2024/1/4
4385907	2024/1/4
4385926	2024/1/4
4385933	2024/1/4
4385966	2024/1/4
4385968	2024/1/4
4386010	2024/1/4
4386016	2024/1/4
4386035	2024/1/4
4386050	2024/1/4
4386071	2024/1/4
4386104	2024/1/4
4386106	2024/1/4
4386113	2024/1/4
4386125	2024/1/4
4386130	2024/1/4
4386145	2024/1/4
4386151	2024/1/4
4386155	2024/1/4
4386170	2024/1/4
4386225	2024/1/4
4386228	2024/1/4
4386307	2024/1/4
4386338	2024/1/4
4386353	2024/1/4
4386379	2024/1/4
4386404	2024/1/4
4386406	2024/1/4
4386412	2024/1/4
4386436	2024/1/4
4386440	2024/1/4
4386463	2024/1/4
4386492	2024/1/4
4386513	2024/1/4
4383661	2024/1/4
4384990	2024/1/4
4385044	2024/1/4
4386366	2024/1/4
4384289	2024/1/3
4384322	2024/1/3
4384646	2024/1/3
4384863	2024/1/3
4384988	2024/1/3
4385037	2024/1/3
4385069	2024/1/3
4385085	2024/1/3
4385168	2024/1/3
4385177	2024/1/3
4385248	2024/1/3
4385402	2024/1/3
4385468	2024/1/3
4385491	2024/1/3
4385611	2024/1/3
4385668	2024/1/3
4385680	2024/1/3
4385684	2024/1/3
4385687	2024/1/3
4385690	2024/1/3
4385701	2024/1/3
4385716	2024/1/3
4385729	2024/1/3
4385734	2024/1/3
4385736	2024/1/3
4385747	2024/1/3
4385755	2024/1/3
4385806	2024/1/3
4385808	2024/1/3
4385818	2024/1/3
4385849	2024/1/3
4385854	2024/1/3
4385878	2024/1/3
4385896	2024/1/3
4385899	2024/1/3
4385912	2024/1/3
4385920	2024/1/3
4385944	2024/1/3
4386038	2024/1/3
4386041	2024/1/3
4386111	2024/1/3
4384267	2024/1/3
4384576	2024/1/3
4385065	2024/1/3
4384872	2024/1/2
4384911	2024/1/2
4384986	2024/1/2
4385025	2024/1/2
4385028	2024/1/2
4385053	2024/1/2
4385074	2024/1/2
4385078	2024/1/2
4385080	2024/1/2
4385088	2024/1/2
4385102	2024/1/2
4385133	2024/1/2
4385145	2024/1/2
4385171	2024/1/2
4385173	2024/1/2
4385200	2024/1/2
4385400	2024/1/2
4385434	2024/1/2
4385481	2024/1/2
4385483	2024/1/2
4385523	2024/1/2
4385548	2024/1/2
4385552	2024/1/2
4385604	2024/1/2
4385606	2024/1/2
4385608	2024/1/2
4385630	2024/1/2
4385646	2024/1/2
4384414	2024/1/2
4384438	2024/1/2
4384765	2024/1/2
4384984	2024/1/2
4385161	2024/1/2
4384709	2024/1/1
4384751	2024/1/1
4385104	2023/12/31
4381140	2023/12/29
4383786	2023/12/29
4384014	2023/12/29
4384188	2023/12/29
4384559	2023/12/29
4384571	2023/12/29
4384595	2023/12/29
4384608	2023/12/29
4384664	2023/12/29
4384671	2023/12/29
4384731	2023/12/29
4384827	2023/12/29
4384833	2023/12/29
4384847	2023/12/29
4384899	2023/12/29
4384908	2023/12/29
4384931	2023/12/29
4384952	2023/12/29
4385115	2023/12/29
4382815	2023/12/29
4384195	2023/12/29
4384285	2023/12/29
4384432	2023/12/29
4384591	2023/12/29
4384669	2023/12/29
4384759	2023/12/29
4384801	2023/12/29
4384996	2023/12/29
4381131	2023/12/28
4382561	2023/12/28
4382805	2023/12/28
4382811	2023/12/28
4383212	2023/12/28
4383630	2023/12/28
4383716	2023/12/28
4383728	2023/12/28
4383779	2023/12/28
4383833	2023/12/28
4384016	2023/12/28
4384020	2023/12/28
4384062	2023/12/28
4384110	2023/12/28
4384128	2023/12/28
4384145	2023/12/28
4384169	2023/12/28
4384226	2023/12/28
4384263	2023/12/28
4384328	2023/12/28
4384362	2023/12/28
4384376	2023/12/28
4384383	2023/12/28
4384407	2023/12/28
4384425	2023/12/28
4384442	2023/12/28
4384460	2023/12/28
4384496	2023/12/28
4384514	2023/12/28
4384544	2023/12/28
4384550	2023/12/28
4384562	2023/12/28
4382662	2023/12/28
4383067	2023/12/28
4383739	2023/12/28
4384000	2023/12/28
4384075	2023/12/28
4384108	2023/12/28
4384204	2023/12/28
4384234	2023/12/28
4384249	2023/12/28
4384297	2023/12/28
4384324	2023/12/28
4384378	2023/12/28
4384444	2023/12/28
4384492	2023/12/28
4384552	2023/12/28
4384588	2023/12/28
4384660	2023/12/28
4384753	2023/12/28
4382652	2023/12/27
4383107	2023/12/27
4383150	2023/12/27
4383221	2023/12/27
4383267	2023/12/27
4383414	2023/12/27
4383561	2023/12/27
4383632	2023/12/27
4383653	2023/12/27
4383705	2023/12/27
4383725	2023/12/27
4383744	2023/12/27
4383755	2023/12/27
4383777	2023/12/27
4383782	2023/12/27
4383825	2023/12/27
4383827	2023/12/27
4383854	2023/12/27
4383888	2023/12/27
4383891	2023/12/27
4383896	2023/12/27
4383947	2023/12/27
4383975	2023/12/27
4383988	2023/12/27
4384004	2023/12/27
4384053	2023/12/27
4384077	2023/12/27
4384116	2023/12/27
4384125	2023/12/27
4381108	2023/12/27
4382293	2023/12/27
4382518	2023/12/27
4382569	2023/12/27
4382809	2023/12/27
4382974	2023/12/27
4382977	2023/12/27
4383550	2023/12/27
4383622	2023/12/27
4383742	2023/12/27
4383763	2023/12/27
4383886	2023/12/27
4383910	2023/12/27
4383943	2023/12/27
4383994	2023/12/27
4384072	2023/12/27
4384090	2023/12/27
4384147	2023/12/27
4384162	2023/12/27
4381103	2023/12/26
4382013	2023/12/26
4382349	2023/12/26
4382385	2023/12/26
4382681	2023/12/26
4382813	2023/12/26
4382922	2023/12/26
4382969	2023/12/26
4382972	2023/12/26
4383060	2023/12/26
4383077	2023/12/26
4383095	2023/12/26
4383135	2023/12/26
4383141	2023/12/26
4383194	2023/12/26
4383215	2023/12/26
4383227	2023/12/26
4383237	2023/12/26
4383243	2023/12/26
4383263	2023/12/26
4383311	2023/12/26
4383341	2023/12/26
4383389	2023/12/26
4383399	2023/12/26
4383410	2023/12/26
4383425	2023/12/26
4383428	2023/12/26
4383494	2023/12/26
4383528	2023/12/26
4383534	2023/12/26
4383627	2023/12/26
4383648	2023/12/26
4383678	2023/12/26
4383684	2023/12/26
4383698	2023/12/26
4383711	2023/12/26
4383770	2023/12/26
4382455	2023/12/26
4382542	2023/12/26
4382755	2023/12/26
4382854	2023/12/26
4383247	2023/12/26
4383355	2023/12/26
4383430	2023/12/26
4383490	2023/12/26
4383514	2023/12/26
4383553	2023/12/26
4383577	2023/12/26
4383703	2023/12/26
4383760	2023/12/26
4381100	2023/12/25
4382466	2023/12/25
4382525	2023/12/25
4382531	2023/12/25
4382622	2023/12/25
4382688	2023/12/25
4382730	2023/12/25
4382742	2023/12/25
4382745	2023/12/25
4382793	2023/12/25
4382802	2023/12/25
4382916	2023/12/25
4382967	2023/12/25
4383099	2023/12/25
4383117	2023/12/25
4383144	2023/12/25
4383206	2023/12/25
4383224	2023/12/25
4383245	2023/12/25
4381096	2023/12/25
4382359	2023/12/25
4382647	2023/12/25
4382686	2023/12/25
4382836	2023/12/25
4382896	2023/12/25
4383031	2023/12/25
4383058	2023/12/25
4383085	2023/12/25
4383196	2023/12/25
4382683	2023/12/24
4380449	2023/12/22
4380663	2023/12/22
4381489	2023/12/22
4381889	2023/12/22
4381907	2023/12/22
4382087	2023/12/22
4382090	2023/12/22
4382099	2023/12/22
4382139	2023/12/22
4382207	2023/12/22
4382331	2023/12/22
4382399	2023/12/22
4382453	2023/12/22
4382501	2023/12/22
4382546	2023/12/22
4382556	2023/12/22
4382573	2023/12/22
4382583	2023/12/22
4382606	2023/12/22
4382643	2023/12/22
4382669	2023/12/22
4380730	2023/12/22
4381849	2023/12/22
4381918	2023/12/22
4382008	2023/12/22
4382137	2023/12/22
4382254	2023/12/22
4382362	2023/12/22
4382371	2023/12/22
4382410	2023/12/22
4382515	2023/12/22
4382527	2023/12/22
4382548	2023/12/22
4382629	2023/12/22
4380443	2023/12/21
4380866	2023/12/21
4380894	2023/12/21
4380936	2023/12/21
4381175	2023/12/21
4381314	2023/12/21
4381322	2023/12/21
4381373	2023/12/21
4381476	2023/12/21
4381503	2023/12/21
4381620	2023/12/21
4381704	2023/12/21
4381712	2023/12/21
4381844	2023/12/21
4381860	2023/12/21
4381886	2023/12/21
4381910	2023/12/21
4381931	2023/12/21
4381934	2023/12/21
4381992	2023/12/21
4382033	2023/12/21
4382082	2023/12/21
4382084	2023/12/21
4382103	2023/12/21
4382135	2023/12/21
4382199	2023/12/21
4382229	2023/12/21
4382232	2023/12/21
4382256	2023/12/21
4382270	2023/12/21
4382343	2023/12/21
4380232	2023/12/21
4380445	2023/12/21
4380451	2023/12/21
4380697	2023/12/21
4380973	2023/12/21
4381357	2023/12/21
4381618	2023/12/21
4381702	2023/12/21
4381714	2023/12/21
4381759	2023/12/21
4381867	2023/12/21
4381975	2023/12/21
4381990	2023/12/21
4382002	2023/12/21
4382011	2023/12/21
4382035	2023/12/21
4382074	2023/12/21
4382101	2023/12/21
4382110	2023/12/21
4382128	2023/12/21
4382197	2023/12/21
4379721	2023/12/20
4380420	2023/12/20
4380432	2023/12/20
4380447	2023/12/20
4380653	2023/12/20
4380692	2023/12/20
4380984	2023/12/20
4380992	2023/12/20
4381077	2023/12/20
4381133	2023/12/20
4381187	2023/12/20
4381332	2023/12/20
4381359	2023/12/20
4381401	2023/12/20
4381403	2023/12/20
4381428	2023/12/20
4381461	2023/12/20
4381686	2023/12/20
4381694	2023/12/20
4381700	2023/12/20
4381707	2023/12/20
4381716	2023/12/20
4381770	2023/12/20
4381775	2023/12/20
4381790	2023/12/20
4381829	2023/12/20
4381904	2023/12/20
4380160	2023/12/20
4380253	2023/12/20
4380427	2023/12/20
4380667	2023/12/20
4380856	2023/12/20
4380880	2023/12/20
4381048	2023/12/20
4381069	2023/12/20
4381072	2023/12/20
4381207	2023/12/20
4381303	2023/12/20
4381336	2023/12/20
4381342	2023/12/20
4381348	2023/12/20
4381351	2023/12/20
4381363	2023/12/20
4381675	2023/12/20
4381756	2023/12/20
4380147	2023/12/19
4380185	2023/12/19
4380249	2023/12/19
4380284	2023/12/19
4380417	2023/12/19
4380437	2023/12/19
4380459	2023/12/19
4380599	2023/12/19
4380602	2023/12/19
4380645	2023/12/19
4380714	2023/12/19
4380740	2023/12/19
4380744	2023/12/19
4380843	2023/12/19
4380878	2023/12/19
4380882	2023/12/19
4380885	2023/12/19
4380914	2023/12/19
4380920	2023/12/19
4380927	2023/12/19
4380932	2023/12/19
4380968	2023/12/19
4381023	2023/12/19
4381146	2023/12/19
4381191	2023/12/19
4381251	2023/12/19
4381412	2023/12/19
4381487	2023/12/19
4380154	2023/12/19
4380175	2023/12/19
4380319	2023/12/19
4380649	2023/12/19
4380850	2023/12/19
4380862	2023/12/19
4380907	2023/12/19
4380916	2023/12/19
4380964	2023/12/19
4380970	2023/12/19
4381039	2023/12/19
4381129	2023/12/19
4381177	2023/12/19
4381189	2023/12/19
4381222	2023/12/19
4381240	2023/12/19
4381339	2023/12/19
4377951	2023/12/18
4379677	2023/12/18
4379918	2023/12/18
4380131	2023/12/18
4380198	2023/12/18
4380247	2023/12/18
4380263	2023/12/18
4380290	2023/12/18
4380354	2023/12/18
4380398	2023/12/18
4380435	2023/12/18
4380539	2023/12/18
4380545	2023/12/18
4380639	2023/12/18
4380642	2023/12/18
4380728	2023/12/18
4380732	2023/12/18
4380774	2023/12/18
4380788	2023/12/18
4380810	2023/12/18
4380830	2023/12/18
4380876	2023/12/18
4381008	2023/12/18
4380244	2023/12/18
4380415	2023/12/18
4380430	2023/12/18
4380541	2023/12/18
4380703	2023/12/18
4380784	2023/12/18
4380817	2023/12/18
4380847	2023/12/18
4380270	2023/12/17
4380019	2023/12/16
4379618	2023/12/15
4379688	2023/12/15
4379728	2023/12/15
4379900	2023/12/15
4379940	2023/12/15
4379991	2023/12/15
4379993	2023/12/15
4380000	2023/12/15
4380009	2023/12/15
4380021	2023/12/15
4380030	2023/12/15
4380065	2023/12/15
4380105	2023/12/15
4380123	2023/12/15
4380137	2023/12/15
4380144	2023/12/15
4380177	2023/12/15
4380179	2023/12/15
4380192	2023/12/15
4378240	2023/12/15
4378387	2023/12/15
4379392	2023/12/15
4379545	2023/12/15
4379686	2023/12/15
4379755	2023/12/15
4379809	2023/12/15
4379989	2023/12/15
4380007	2023/12/15
4380016	2023/12/15
4380100	2023/12/15
4380256	2023/12/15
4377699	2023/12/14
4378020	2023/12/14
4378039	2023/12/14
4378811	2023/12/14
4378895	2023/12/14
4378962	2023/12/14
4378980	2023/12/14
4379235	2023/12/14
4379244	2023/12/14
4379310	2023/12/14
4379319	2023/12/14
4379328	2023/12/14
4379349	2023/12/14
4379450	2023/12/14
4379502	2023/12/14
4379538	2023/12/14
4379541	2023/12/14
4379550	2023/12/14
4379552	2023/12/14
4379568	2023/12/14
4379598	2023/12/14
4379639	2023/12/14
4379670	2023/12/14
4379691	2023/12/14
4379736	2023/12/14
4379745	2023/12/14
4379760	2023/12/14
4379793	2023/12/14
4379847	2023/12/14
4377925	2023/12/14
4378204	2023/12/14
4378231	2023/12/14
4378552	2023/12/14
4378558	2023/12/14
4379058	2023/12/14
4379380	2023/12/14
4379500	2023/12/14
4379524	2023/12/14
4379530	2023/12/14
4379554	2023/12/14
4379662	2023/12/14
4379704	2023/12/14
4377306	2023/12/13
4377666	2023/12/13
4377803	2023/12/13
4378173	2023/12/13
4378745	2023/12/13
4378769	2023/12/13
4379048	2023/12/13
4379082	2023/12/13
4379106	2023/12/13
4379174	2023/12/13
4379226	2023/12/13
4379355	2023/12/13
4377697	2023/12/13
4378270	2023/12/13
4378528	2023/12/13
4378567	2023/12/13
4378879	2023/12/13
4378908	2023/12/13
4378912	2023/12/13
4378984	2023/12/13
4378987	2023/12/13
4379041	2023/12/13
4379056	2023/12/13
4379179	2023/12/13
4379224	2023/12/13
4379251	2023/12/13
4379254	2023/12/13
4379308	2023/12/13
4379338	2023/12/13
4379458	2023/12/13
4377302	2023/12/12
4377786	2023/12/12
4377798	2023/12/12
4377801	2023/12/12
4377831	2023/12/12
4377960	2023/12/12
4378033	2023/12/12
4378169	2023/12/12
4378236	2023/12/12
4378353	2023/12/12
4378359	2023/12/12
4378556	2023/12/12
4378569	2023/12/12
4378575	2023/12/12
4378608	2023/12/12
4378617	2023/12/12
4378650	2023/12/12
4378752	2023/12/12
4378767	2023/12/12
4378856	2023/12/12
4377613	2023/12/12
4377694	2023/12/12
4377763	2023/12/12
4378171	2023/12/12
4378303	2023/12/12
4378438	2023/12/12
4378554	2023/12/12
4378564	2023/12/12
4378597	2023/12/12
4378612	2023/12/12
4378732	2023/12/12
4378756	2023/12/12
4378765	2023/12/12
4378771	2023/12/12
4378906	2023/12/12
4378975	2023/12/12
4377632	2023/12/11
4377691	2023/12/11
4377793	2023/12/11
4377806	2023/12/11
4377844	2023/12/11
4377906	2023/12/11
4377999	2023/12/11
4378025	2023/12/11
4378147	2023/12/11
4378152	2023/12/11
4378257	2023/12/11
4378273	2023/12/11
4378297	2023/12/11
4378300	2023/12/11
4378308	2023/12/11
4378346	2023/12/11
4378390	2023/12/11
4378462	2023/12/11
4377604	2023/12/11
4377652	2023/12/10
4376336	2023/12/8
4376569	2023/12/8
4376722	2023/12/8
4376874	2023/12/8
4376892	2023/12/8
4376997	2023/12/8
4377333	2023/12/8
4377343	2023/12/8
4377367	2023/12/8
4377457	2023/12/8
4377562	2023/12/8
4377575	2023/12/8
4377593	2023/12/8
4377669	2023/12/8
4377701	2023/12/8
4377753	2023/12/8
4377761	2023/12/8
4377782	2023/12/8
4377873	2023/12/8
4375513	2023/12/8
4376347	2023/12/8
4377454	2023/12/8
4377627	2023/12/8
4377738	2023/12/8
4375123	2023/12/7
4375407	2023/12/7
4375409	2023/12/7
4375595	2023/12/7
4375677	2023/12/7
4375706	2023/12/7
4375832	2023/12/7
4375890	2023/12/7
4376511	2023/12/7
4376618	2023/12/7
4376632	2023/12/7
4376640	2023/12/7
4376650	2023/12/7
4376695	2023/12/7
4376736	2023/12/7
4376889	2023/12/7
4376952	2023/12/7
4376964	2023/12/7
4377000	2023/12/7
4377061	2023/12/7
4377065	2023/12/7
4377082	2023/12/7
4377102	2023/12/7
4377117	2023/12/7
4377156	2023/12/7
4377171	2023/12/7
4377178	2023/12/7
4377212	2023/12/7
4377229	2023/12/7
4377246	2023/12/7
4377304	2023/12/7
4377309	2023/12/7
4377440	2023/12/7
4376394	2023/12/7
4376469	2023/12/7
4376755	2023/12/7
4377063	2023/12/7
4377183	2023/12/7
4377226	2023/12/7
4377244	2023/12/7
4377268	2023/12/7
4375116	2023/12/6
4375507	2023/12/6
4375585	2023/12/6
4375674	2023/12/6
4375696	2023/12/6
4375710	2023/12/6
4375988	2023/12/6
4376134	2023/12/6
4376206	2023/12/6
4376269	2023/12/6
4376273	2023/12/6
4376320	2023/12/6
4376374	2023/12/6
4376396	2023/12/6
4376483	2023/12/6
4376528	2023/12/6
4376551	2023/12/6
4376576	2023/12/6
4376581	2023/12/6
4376589	2023/12/6
4376664	2023/12/6
4376680	2023/12/6
4376682	2023/12/6
4376739	2023/12/6
4376757	2023/12/6
4376778	2023/12/6
4376832	2023/12/6
4376961	2023/12/6
4376988	2023/12/6
4374978	2023/12/6
4376328	2023/12/6
4376364	2023/12/6
4376400	2023/12/6
4376829	2023/12/6
4374855	2023/12/5
4375032	2023/12/5
4375111	2023/12/5
4375269	2023/12/5
4375280	2023/12/5
4375294	2023/12/5
4375311	2023/12/5
4375386	2023/12/5
4375392	2023/12/5
4375493	2023/12/5
4375670	2023/12/5
4375738	2023/12/5
4375798	2023/12/5
4375865	2023/12/5
4375908	2023/12/5
4375942	2023/12/5
4376005	2023/12/5
4376021	2023/12/5
4376047	2023/12/5
4376074	2023/12/5
4376078	2023/12/5
4376109	2023/12/5
4376176	2023/12/5
4376182	2023/12/5
4376194	2023/12/5
4376218	2023/12/5
4376225	2023/12/5
4376389	2023/12/5
4376398	2023/12/5
4374676	2023/12/5
4375519	2023/12/5
4375791	2023/12/5
4375872	2023/12/5
4376178	2023/12/5
4374063	2023/12/4
4374372	2023/12/4
4374958	2023/12/4
4374965	2023/12/4
4375050	2023/12/4
4375105	2023/12/4
4375267	2023/12/4
4375273	2023/12/4
4375275	2023/12/4
4375290	2023/12/4
4375330	2023/12/4
4375367	2023/12/4
4375389	2023/12/4
4375449	2023/12/4
4375463	2023/12/4
4375473	2023/12/4
4375489	2023/12/4
4375509	2023/12/4
4375522	2023/12/4
4375571	2023/12/4
4375587	2023/12/4
4375659	2023/12/4
4375779	2023/12/4
4375781	2023/12/4
4375785	2023/12/4
4375795	2023/12/4
4375806	2023/12/4
4375842	2023/12/4
4374630	2023/12/4
4374794	2023/12/4
4375013	2023/12/4
4375359	2023/12/4
4375641	2023/12/4
4375815	2023/12/4
4375261	2023/12/3
4372438	2023/12/1
4372599	2023/12/1
4372686	2023/12/1
4373563	2023/12/1
4373607	2023/12/1
4373919	2023/12/1
4373922	2023/12/1
4373926	2023/12/1
4374015	2023/12/1
4374103	2023/12/1
4374114	2023/12/1
4374265	2023/12/1
4374277	2023/12/1
4374460	2023/12/1
4374495	2023/12/1
4374576	2023/12/1
4374608	2023/12/1
4374678	2023/12/1
4374766	2023/12/1
4374840	2023/12/1
4374936	2023/12/1
4374938	2023/12/1
4374972	2023/12/1
4374998	2023/12/1
4375004	2023/12/1
4375067	2023/12/1
4373697	2023/12/1
4374563	2023/12/1
4374635	2023/12/1
4374750	2023/12/1
4374761	2023/12/1
4374763	2023/12/1
4374773	2023/12/1
4374812	2023/12/1
4374942	2023/12/1
4374985	2023/12/1
4375044	2023/12/1
4372172	2023/11/30
4372524	2023/11/30
4372595	2023/11/30
4372597	2023/11/30
4372684	2023/11/30
4372810	2023/11/30
4372837	2023/11/30
4373287	2023/11/30
4373328	2023/11/30
4373713	2023/11/30
4373757	2023/11/30
4374017	2023/11/30
4374044	2023/11/30
4374047	2023/11/30
4374098	2023/11/30
4374185	2023/11/30
4374226	2023/11/30
4374241	2023/11/30
4374257	2023/11/30
4374271	2023/11/30
4374273	2023/11/30
4374283	2023/11/30
4374309	2023/11/30
4374315	2023/11/30
4374342	2023/11/30
4374367	2023/11/30
4374386	2023/11/30
4374399	2023/11/30
4374435	2023/11/30
4374492	2023/11/30
4374505	2023/11/30
4374517	2023/11/30
4374579	2023/11/30
4374730	2023/11/30
4374784	2023/11/30
4372570	2023/11/30
4372960	2023/11/30
4373337	2023/11/30
4373845	2023/11/30
4374012	2023/11/30
4374143	2023/11/30
4374145	2023/11/30
4374169	2023/11/30
4374223	2023/11/30
4374245	2023/11/30
4374281	2023/11/30
4374305	2023/11/30
4374467	2023/11/30
4374473	2023/11/30
4374478	2023/11/30
4374554	2023/11/30
4374611	2023/11/30
4372162	2023/11/29
4372350	2023/11/29
4372558	2023/11/29
4372611	2023/11/29
4372682	2023/11/29
4372777	2023/11/29
4372792	2023/11/29
4372847	2023/11/29
4373013	2023/11/29
4373035	2023/11/29
4373129	2023/11/29
4373330	2023/11/29
4373339	2023/11/29
4373436	2023/11/29
4373451	2023/11/29
4373456	2023/11/29
4373500	2023/11/29
4373513	2023/11/29
4373516	2023/11/29
4373520	2023/11/29
4373540	2023/11/29
4373544	2023/11/29
4373571	2023/11/29
4373573	2023/11/29
4373681	2023/11/29
4373732	2023/11/29
4373745	2023/11/29
4373748	2023/11/29
4373755	2023/11/29
4373765	2023/11/29
4373769	2023/11/29
4373772	2023/11/29
4373774	2023/11/29
4373829	2023/11/29
4373864	2023/11/29
4373870	2023/11/29
4373893	2023/11/29
4373903	2023/11/29
4373912	2023/11/29
4373924	2023/11/29
4373931	2023/11/29
4373936	2023/11/29
4373979	2023/11/29
4374008	2023/11/29
4374010	2023/11/29
4374052	2023/11/29
4374077	2023/11/29
4374079	2023/11/29
4374108	2023/11/29
4374235	2023/11/29
4374253	2023/11/29
4373284	2023/11/29
4373322	2023/11/29
4373604	2023/11/29
4373799	2023/11/29
4373943	2023/11/29
4372158	2023/11/28
4372344	2023/11/28
4372411	2023/11/28
4372414	2023/11/28
4372556	2023/11/28
4372575	2023/11/28
4372583	2023/11/28
4372589	2023/11/28
4372680	2023/11/28
4372747	2023/11/28
4372749	2023/11/28
4372770	2023/11/28
4372782	2023/11/28
4372789	2023/11/28
4372818	2023/11/28
4372931	2023/11/28
4372965	2023/11/28
4373019	2023/11/28
4373027	2023/11/28
4373030	2023/11/28
4373039	2023/11/28
4373067	2023/11/28
4373118	2023/11/28
4373220	2023/11/28
4373257	2023/11/28
4373263	2023/11/28
4373265	2023/11/28
4373267	2023/11/28
4373289	2023/11/28
4373291	2023/11/28
4373307	2023/11/28
4373342	2023/11/28
4373352	2023/11/28
4373392	2023/11/28
4373394	2023/11/28
4373423	2023/11/28
4373525	2023/11/28
4373542	2023/11/28
4373567	2023/11/28
4373602	2023/11/28
4372497	2023/11/28
4373065	2023/11/28
4373439	2023/11/28
4371948	2023/11/27
4372194	2023/11/27
4372227	2023/11/27
4372304	2023/11/27
4372339	2023/11/27
4372529	2023/11/27
4372545	2023/11/27
4372547	2023/11/27
4372551	2023/11/27
4372566	2023/11/27
4372613	2023/11/27
4372666	2023/11/27
4372726	2023/11/27
4372765	2023/11/27
4372820	2023/11/27
4372823	2023/11/27
4372851	2023/11/27
4372856	2023/11/27
4372876	2023/11/27
4372880	2023/11/27
4372892	2023/11/27
4372897	2023/11/27
4372917	2023/11/27
4373008	2023/11/27
4373024	2023/11/27
4373229	2023/11/27
4372443	2023/11/27
4372678	2023/11/27
4372894	2023/11/27
4372510	2023/11/26
4370232	2023/11/24
4370430	2023/11/24
4370625	2023/11/24
4370838	2023/11/24
4371303	2023/11/24
4371396	2023/11/24
4371484	2023/11/24
4371697	2023/11/24
4371856	2023/11/24
4371862	2023/11/24
4371886	2023/11/24
4371889	2023/11/24
4371912	2023/11/24
4371965	2023/11/24
4372048	2023/11/24
4372078	2023/11/24
4372152	2023/11/24
4372198	2023/11/24
4372208	2023/11/24
4372213	2023/11/24
4372222	2023/11/24
4372270	2023/11/24
4372273	2023/11/24
4372276	2023/11/24
4372285	2023/11/24
4372315	2023/11/24
4372317	2023/11/24
4372360	2023/11/24
4372487	2023/11/24
4368909	2023/11/24
4370860	2023/11/24
4371897	2023/11/24
4372290	2023/11/24
4369527	2023/11/23
4369737	2023/11/23
4370068	2023/11/23
4370101	2023/11/23
4370212	2023/11/23
4370479	2023/11/23
4370952	2023/11/23
4371193	2023/11/23
4371392	2023/11/23
4371394	2023/11/23
4371398	2023/11/23
4371459	2023/11/23
4371488	2023/11/23
4371519	2023/11/23
4371575	2023/11/23
4371624	2023/11/23
4371694	2023/11/23
4371712	2023/11/23
4371720	2023/11/23
4371732	2023/11/23
4371734	2023/11/23
4371742	2023/11/23
4371763	2023/11/23
4371841	2023/11/23
4371878	2023/11/23
4371895	2023/11/23
4372024	2023/11/23
4372043	2023/11/23
4368901	2023/11/23
4369772	2023/11/23
4370022	2023/11/23
4370180	2023/11/23
4370289	2023/11/23
4370798	2023/11/23
4371081	2023/11/23
4371191	2023/11/23
4371300	2023/11/23
4371377	2023/11/23
4371606	2023/11/23
4371705	2023/11/23
4371736	2023/11/23
4371844	2023/11/23
4371882	2023/11/23
4371891	2023/11/23
4368732	2023/11/22
4369512	2023/11/22
4369722	2023/11/22
4370011	2023/11/22
4370073	2023/11/22
4370163	2023/11/22
4370280	2023/11/22
4370610	2023/11/22
4370764	2023/11/22
4370794	2023/11/22
4370841	2023/11/22
4370925	2023/11/22
4370956	2023/11/22
4370959	2023/11/22
4370961	2023/11/22
4370967	2023/11/22
4370985	2023/11/22
4371000	2023/11/22
4371004	2023/11/22
4371018	2023/11/22
4371109	2023/11/22
4371171	2023/11/22
4371198	2023/11/22
4371258	2023/11/22
4371261	2023/11/22
4371291	2023/11/22
4371457	2023/11/22
4368893	2023/11/22
4369266	2023/11/22
4370173	2023/11/22
4370702	2023/11/22
4370755	2023/11/22
4370775	2023/11/22
4370778	2023/11/22
4370787	2023/11/22
4370972	2023/11/22
4371022	2023/11/22
4371037	2023/11/22
4371335	2023/11/22
4368096	2023/11/21
4368307	2023/11/21
4368742	2023/11/21
4369507	2023/11/21
4369747	2023/11/21
4369821	2023/11/21
4369975	2023/11/21
4370304	2023/11/21
4370308	2023/11/21
4370325	2023/11/21
4370360	2023/11/21
4370424	2023/11/21
4370428	2023/11/21
4370439	2023/11/21
4370448	2023/11/21
4370457	2023/11/21
4370476	2023/11/21
4370559	2023/11/21
4370604	2023/11/21
4370632	2023/11/21
4370652	2023/11/21
4370673	2023/11/21
4370742	2023/11/21
4371029	2023/11/21
4368889	2023/11/21
4369397	2023/11/21
4369719	2023/11/21
4369758	2023/11/21
4370059	2023/11/21
4370159	2023/11/21
4370216	2023/11/21
4370269	2023/11/21
4370612	2023/11/21
4370969	2023/11/21
4365577	2023/11/20
4368501	2023/11/20
4368511	2023/11/20
4368964	2023/11/20
4369391	2023/11/20
4369488	2023/11/20
4369495	2023/11/20
4369504	2023/11/20
4369519	2023/11/20
4369588	2023/11/20
4369650	2023/11/20
4369669	2023/11/20
4369677	2023/11/20
4369684	2023/11/20
4369701	2023/11/20
4369726	2023/11/20
4369844	2023/11/20
4369906	2023/11/20
4369950	2023/11/20
4369998	2023/11/20
4370006	2023/11/20
4370044	2023/11/20
4370170	2023/11/20
4370188	2023/11/20
4369093	2023/11/20
4369382	2023/11/20
4369554	2023/11/20
4369664	2023/11/20
4369689	2023/11/20
4369714	2023/11/20
4369732	2023/11/20
4370080	2023/11/20
4370152	2023/11/20
4370198	2023/11/20